Banque Bank;cred_sum;cred_sum_r
UBS;2997781382.4;0.20186903524823654
Credit Suisse;2802614863.2;0.1887266236050904
Raiffeisen;1873314022.8;0.12614798954981626
Zürcher Kantonalbank;902722629.15;0.060788871167572874
PostFinance;770066605.65;0.0518558837119055
Banque Cantonale Vaudoise;620021685.8;0.04175193704259601
Valiant;328913514.4;0.022148864564259078
Banque Cantonale de Fribourg;301001720;0.02026929888256678
Berner Kantonalbank;297990855;0.02006654880333116
Aargauische Kantonalbank;278160617.5;0.0187311909495628
